id,first_name,last_name,email,phone
1,Adam,Reed,a.reed@randatmail.com,195-4230-70
2,Cadie,Barnes,c.barnes@randatmail.com,777-9501-31
3,Maddie,Morrison,m.morrison@randatmail.com,484-7546-41
4,Alisa,Scott,a.scott@randatmail.com,750-5406-01
5,Antony,Johnson,a.johnson@randatmail.com,969-2909-98
6,Elise,Walker,e.walker@randatmail.com,609-4168-15
7,Walter,Thomas,w.thomas@randatmail.com,383-4803-73
8,Andrew,West,a.west@randatmail.com,711-7989-20
9,Brooke,Howard,b.howard@randatmail.com,110-3984-01
10,Amy,Edwards,a.edwards@randatmail.com,210-2159-07
11,Melanie,Adams,m.adams@randatmail.com,935-3078-00
12,Victor,Ellis,v.ellis@randatmail.com,236-9593-62
13,Preston,Barrett,p.barrett@randatmail.com,071-1236-33
14,Hailey,Andrews,h.andrews@randatmail.com,053-3454-97
15,Jack,Evans,j.evans@randatmail.com,284-5719-76
16,Alford,Craig,a.craig@randatmail.com,063-8079-14
17,Audrey,Lloyd,a.lloyd@randatmail.com,821-5654-69
18,Alexander,Harrison,a.harrison@randatmail.com,336-1032-84
19,Ted,Nelson,t.nelson@randatmail.com,507-2503-42
20,Kate,Morrison,k.morrison@randatmail.com,971-3378-54
21,Caroline,Sullivan,c.sullivan@randatmail.com,152-7994-63
22,Camila,Hill,c.hill@randatmail.com,651-7062-83
23,Edward,Adams,e.adams@randatmail.com,071-3126-95
24,Abraham,Warren,a.warren@randatmail.com,690-7838-14
25,John,Brown,j.brown@randatmail.com,830-4687-55
26,Chelsea,Wilson,c.wilson@randatmail.com,650-7285-30
27,Maria,Miller,m.miller@randatmail.com,520-1076-70
28,Brooke,Morgan,b.morgan@randatmail.com,123-3169-38
29,Albert,Thompson,a.thompson@randatmail.com,364-2738-52
30,Audrey,Riley,a.riley@randatmail.com,982-2597-80
31,Derek,Nelson,d.nelson@randatmail.com,632-5501-50
32,Sophia,Morris,s.morris@randatmail.com,053-6121-95
33,Paul,Carter,p.carter@randatmail.com,692-4607-47
34,Kelsey,Anderson,k.anderson@randatmail.com,874-3128-08
35,Abigail,Williams,a.williams@randatmail.com,530-9574-47
36,Lily,Warren,l.warren@randatmail.com,427-3048-87
37,Amy,Davis,a.davis@randatmail.com,825-7178-03
38,Aiden,Cooper,a.cooper@randatmail.com,737-5265-70
39,Cherry,Wilson,c.wilson@randatmail.com,427-2882-14
40,Deanna,Morgan,d.morgan@randatmail.com,394-1566-25
41,Chloe,Williams,c.williams@randatmail.com,833-8861-30
42,Alisa,Cole,a.cole@randatmail.com,918-3890-45
43,Florrie,Spencer,f.spencer@randatmail.com,018-0979-72
44,Leonardo,Cameron,l.cameron@randatmail.com,261-1459-34
45,Lilianna,Mitchell,l.mitchell@randatmail.com,484-6124-95
46,Kelvin,Roberts,k.roberts@randatmail.com,003-1868-04
47,Fiona,Farrell,f.farrell@randatmail.com,810-0485-75
48,Henry,Cole,h.cole@randatmail.com,851-8606-76
49,Steven,Thompson,s.thompson@randatmail.com,590-5023-65
50,Valeria,Barnes,v.barnes@randatmail.com,059-5264-71